"AGE_GROUP_ARAB","AGE_GROUP_ENGL","NATIONALITY_ARAB","NATIONALITY_ENGL","OBSVALUE_OBSV","SEX_ARAB","SEX_ENGL","YEAR_TIME"
"10-19","10-19","سعودي"," Saudi ","16308","ذكر","Male","1439"
"20-29","20-29","سعودي"," Saudi ","4845","ذكر","Male","1440"
"0-9","0-9","غير سعودي","Non Saudi","14287","أنثى","Female","1440"
"0-9","0-9","غير سعودي","Non Saudi","5167","ذكر","Male","1440"
"40-49","40-49","سعودي"," Saudi ","1763","ذكر","Male","1439"
"20-29","20-29","غير سعودي","Non Saudi","5260","ذكر","Male","1440"
"50-59","50-59","سعودي"," Saudi ","9717","أنثى","Female","1439"
"40-49","40-49","سعودي"," Saudi ","39085","ذكر","Male","1440"
"40-49","40-49","غير سعودي","Non Saudi","535","أنثى","Female","1441"
"40-49","40-49","غير سعودي","Non Saudi","4145","ذكر","Male","1440"
"60-69","60-69","سعودي"," Saudi ","3979","أنثى","Female","1439"
"20-29","20-29","سعودي"," Saudi ","659","أنثى","Female","1441"
"50-59","50-59","غير سعودي","Non Saudi","1403","ذكر","Male","1441"
"10-19","10-19","غير سعودي","Non Saudi","237","ذكر","Male","1441"
"0-9","0-9","سعودي"," Saudi ","3049","ذكر","Male","1440"
"40-49","40-49","سعودي"," Saudi ","18632","ذكر","Male","1439"
"30-39","30-39","سعودي"," Saudi ","108367","أنثى","Female","1439"
"50-59","50-59","غير سعودي","Non Saudi","2575","ذكر","Male","1440"
"50-59","50-59","سعودي"," Saudi ","11565","ذكر","Male","1440"
"70+","70+","سعودي"," Saudi ","414","أنثى","Female","1440"
"20-29","20-29","غير سعودي","Non Saudi","7610","ذكر","Male","1441"
"70+","70+","سعودي"," Saudi ","1223","أنثى","Female","1439"
"0-9","0-9","سعودي"," Saudi ","1365","أنثى","Female","1440"
"10-19","10-19","غير سعودي","Non Saudi","157","أنثى","Female","1440"
"0-9","0-9","سعودي"," Saudi ","1332","أنثى","Female","1439"
"20-29","20-29","غير سعودي","Non Saudi","209","ذكر","Male","1441"
"10-19","10-19","غير سعودي","Non Saudi","1021","أنثى","Female","1440"
"30-39","30-39","غير سعودي","Non Saudi","857","ذكر","Male","1441"
"60-69","60-69","سعودي"," Saudi ","1383","ذكر","Male","1441"
"40-49","40-49","سعودي"," Saudi ","7033","ذكر","Male","1440"
"60-69","60-69","غير سعودي","Non Saudi","14526","ذكر","Male","1440"
"30-39","30-39","سعودي"," Saudi ","5486","ذكر","Male","1440"
"50-59","50-59","سعودي"," Saudi ","3515","أنثى","Female","1439"
"20-29","20-29","غير سعودي","Non Saudi","96","أنثى","Female","1439"
"50-59","50-59","غير سعودي","Non Saudi","3386","أنثى","Female","1440"
"50-59","50-59","سعودي"," Saudi ","5944","أنثى","Female","1440"
"0-9","0-9","سعودي"," Saudi ","927","أنثى","Female","1440"
"30-39","30-39","غير سعودي","Non Saudi","45982","ذكر","Male","1441"
"40-49","40-49","سعودي"," Saudi ","10742","أنثى","Female","1439"
"70+","70+","غير سعودي","Non Saudi","5680","ذكر","Male","1439"
"10-19","10-19","غير سعودي","Non Saudi","775","ذكر","Male","1440"
"20-29","20-29","غير سعودي","Non Saudi","1702","أنثى","Female","1439"
"10-19","10-19","غير سعودي","Non Saudi","1043","ذكر","Male","1441"
"60-69","60-69","غير سعودي","Non Saudi","2305","ذكر","Male","1441"
"50-59","50-59","غير سعودي","Non Saudi","89","أنثى","Female","1441"
"70+","70+","سعودي"," Saudi ","176","ذكر","Male","1440"
"40-49","40-49","سعودي"," Saudi ","122","أنثى","Female","1441"
"50-59","50-59","سعودي"," Saudi ","291","ذكر","Male","1441"
"20-29","20-29","سعودي"," Saudi ","10027","ذكر","Male","1440"
"20-29","20-29","سعودي"," Saudi ","9626","ذكر","Male","1439"
"20-29","20-29","غير سعودي","Non Saudi","201944","ذكر","Male","1440"
"40-49","40-49","سعودي"," Saudi ","8752","أنثى","Female","1440"
"20-29","20-29","سعودي"," Saudi ","8177","ذكر","Male","1440"
"20-29","20-29","سعودي"," Saudi ","515","أنثى","Female","1441"
"40-49","40-49","سعودي"," Saudi ","194","أنثى","Female","1441"
"40-49","40-49","غير سعودي","Non Saudi","21244","ذكر","Male","1439"
"0-9","0-9","سعودي"," Saudi ","4131","ذكر","Male","1441"
"30-39","30-39","سعودي"," Saudi ","3041","أنثى","Female","1441"
"40-49","40-49","سعودي"," Saudi ","214","ذكر","Male","1441"
"50-59","50-59","سعودي"," Saudi ","619","أنثى","Female","1440"
"20-29","20-29","غير سعودي","Non Saudi","2900","أنثى","Female","1441"
"50-59","50-59","سعودي"," Saudi ","2863","ذكر","Male","1439"
"60-69","60-69","سعودي"," Saudi ","3433","أنثى","Female","1439"
"10-19","10-19","غير سعودي","Non Saudi","1877","أنثى","Female","1440"
"30-39","30-39","غير سعودي","Non Saudi","1758","ذكر","Male","1441"
"40-49","40-49","غير سعودي","Non Saudi","720","ذكر","Male","1441"
"30-39","30-39","سعودي"," Saudi ","403","أنثى","Female","1441"
"10-19","10-19","غير سعودي","Non Saudi","94","أنثى","Female","1441"
"60-69","60-69","غير سعودي","Non Saudi","1158","أنثى","Female","1440"
"0-9","0-9","غير سعودي","Non Saudi","665","أنثى","Female","1439"
"50-59","50-59","غير سعودي","Non Saudi","30557","ذكر","Male","1440"
"40-49","40-49","غير سعودي","Non Saudi","524980","ذكر","Male","1439"
"10-19","10-19","سعودي"," Saudi ","51449","ذكر","Male","1440"
"30-39","30-39","غير سعودي","Non Saudi","4996","أنثى","Female","1439"
"40-49","40-49","غير سعودي","Non Saudi","1108","ذكر","Male","1440"
"50-59","50-59","غير سعودي","Non Saudi","1867","ذكر","Male","1439"
"50-59","50-59","سعودي"," Saudi ","3306","ذكر","Male","1439"
"30-39","30-39","غير سعودي","Non Saudi","893","أنثى","Female","1439"
"40-49","40-49","غير سعودي","Non Saudi","447","أنثى","Female","1440"
"40-49","40-49","غير سعودي","Non Saudi","245","أنثى","Female","1441"
"60-69","60-69","سعودي"," Saudi ","6611","ذكر","Male","1440"
"70+","70+","سعودي"," Saudi ","2191","ذكر","Male","1441"
"60-69","60-69","سعودي"," Saudi ","3641","ذكر","Male","1441"
"20-29","20-29","غير سعودي","Non Saudi","14109","ذكر","Male","1441"
"50-59","50-59","سعودي"," Saudi ","1519","ذكر","Male","1440"
"10-19","10-19","غير سعودي","Non Saudi","6023","ذكر","Male","1441"
"40-49","40-49","غير سعودي","Non Saudi","1054","أنثى","Female","1441"
"10-19","10-19","غير سعودي","Non Saudi","1027","ذكر","Male","1440"
"10-19","10-19","غير سعودي","Non Saudi","954","أنثى","Female","1439"
"40-49","40-49","غير سعودي","Non Saudi","1118","أنثى","Female","1441"
"10-19","10-19","غير سعودي","Non Saudi","466","ذكر","Male","1441"
"30-39","30-39","غير سعودي","Non Saudi","2404","أنثى","Female","1440"
"20-29","20-29","سعودي"," Saudi ","4478","ذكر","Male","1441"
"70+","70+","سعودي"," Saudi ","2718","ذكر","Male","1440"
"30-39","30-39","سعودي"," Saudi ","24760","ذكر","Male","1439"
"30-39","30-39","غير سعودي","Non Saudi","276272","ذكر","Male","1439"
"30-39","30-39","سعودي"," Saudi ","406","ذكر","Male","1441"
"30-39","30-39","سعودي"," Saudi ","4118","أنثى","Female","1439"
"10-19","10-19","سعودي"," Saudi ","3874","أنثى","Female","1439"
"50-59","50-59","غير سعودي","Non Saudi","19151","ذكر","Male","1439"
"40-49","40-49","سعودي"," Saudi ","10558","ذكر","Male","1440"
"0-9","0-9","سعودي"," Saudi ","28416","ذكر","Male","1440"
"40-49","40-49","غير سعودي","Non Saudi","1978","أنثى","Female","1439"
"20-29","20-29","سعودي"," Saudi ","14432","ذكر","Male","1440"
"70+","70+","سعودي"," Saudi ","214","ذكر","Male","1439"
"60-69","60-69","غير سعودي","Non Saudi","210","ذكر","Male","1441"
"70+","70+","سعودي"," Saudi ","1243","ذكر","Male","1439"
"70+","70+","سعودي"," Saudi ","774","أنثى","Female","1440"
"70+","70+","غير سعودي","Non Saudi","1044","ذكر","Male","1440"
"20-29","20-29","سعودي"," Saudi ","42982","أنثى","Female","1439"
"70+","70+","سعودي"," Saudi ","565","أنثى","Female","1441"
"0-9","0-9","سعودي"," Saudi ","5270","ذكر","Male","1439"
"20-29","20-29","سعودي"," Saudi ","5920","أنثى","Female","1439"
"50-59","50-59","غير سعودي","Non Saudi","876","ذكر","Male","1439"
"10-19","10-19","غير سعودي","Non Saudi","12962","ذكر","Male","1441"
"10-19","10-19","غير سعودي","Non Saudi","20295","ذكر","Male","1440"
"50-59","50-59","سعودي"," Saudi ","19504","ذكر","Male","1439"
"20-29","20-29","غير سعودي","Non Saudi","1845","ذكر","Male","1440"
"40-49","40-49","سعودي"," Saudi ","4321","ذكر","Male","1441"
"70+","70+","سعودي"," Saudi ","1298","أنثى","Female","1440"
"20-29","20-29","غير سعودي","Non Saudi","1726","ذكر","Male","1439"
"60-69","60-69","غير سعودي","Non Saudi","925","ذكر","Male","1440"
"50-59","50-59","سعودي"," Saudi ","159","ذكر","Male","1441"
"10-19","10-19","غير سعودي","Non Saudi","194","أنثى","Female","1439"
"60-69","60-69","غير سعودي","Non Saudi","1047","أنثى","Female","1440"
"70+","70+","سعودي"," Saudi ","1513","ذكر","Male","1439"
"0-9","0-9","سعودي"," Saudi ","3699","ذكر","Male","1440"
"40-49","40-49","غير سعودي","Non Saudi","649","أنثى","Female","1439"
"40-49","40-49","غير سعودي","Non Saudi","1655","أنثى","Female","1441"
"40-49","40-49","غير سعودي","Non Saudi","173193","أنثى","Female","1440"
"20-29","20-29","غير سعودي","Non Saudi","83463","أنثى","Female","1440"
"30-39","30-39","غير سعودي","Non Saudi","5281","ذكر","Male","1439"
"0-9","0-9","سعودي"," Saudi ","6227","أنثى","Female","1440"
"30-39","30-39","غير سعودي","Non Saudi","3060","ذكر","Male","1441"
"20-29","20-29","سعودي"," Saudi ","3597","أنثى","Female","1439"
"50-59","50-59","سعودي"," Saudi ","238","ذكر","Male","1441"
"40-49","40-49","غير سعودي","Non Saudi","5342","ذكر","Male","1440"
"20-29","20-29","غير سعودي","Non Saudi","34325","أنثى","Female","1440"
"0-9","0-9","سعودي"," Saudi ","986","ذكر","Male","1439"
"20-29","20-29","غير سعودي","Non Saudi","222","أنثى","Female","1440"
"60-69","60-69","غير سعودي","Non Saudi","1142","ذكر","Male","1440"
"50-59","50-59","غير سعودي","Non Saudi","1143","ذكر","Male","1441"
"70+","70+","سعودي"," Saudi ","1540","أنثى","Female","1439"
"50-59","50-59","سعودي"," Saudi ","187","ذكر","Male","1441"
"40-49","40-49","غير سعودي","Non Saudi","1034","أنثى","Female","1440"
"40-49","40-49","غير سعودي","Non Saudi","108","أنثى","Female","1440"
"30-39","30-39","غير سعودي","Non Saudi","479","ذكر","Male","1441"
"30-39","30-39","غير سعودي","Non Saudi","422","ذكر","Male","1441"
"50-59","50-59","سعودي"," Saudi ","759","أنثى","Female","1441"
"40-49","40-49","غير سعودي","Non Saudi","958","ذكر","Male","1441"
"70+","70+","سعودي"," Saudi ","422","ذكر","Male","1440"
"60-69","60-69","سعودي"," Saudi ","2209","أنثى","Female","1440"
"20-29","20-29","سعودي"," Saudi ","9316","ذكر","Male","1439"
"60-69","60-69","سعودي"," Saudi ","121","ذكر","Male","1441"
"10-19","10-19","غير سعودي","Non Saudi","1811","ذكر","Male","1441"
"40-49","40-49","سعودي"," Saudi ","3936","أنثى","Female","1439"
"60-69","60-69","سعودي"," Saudi ","2346","ذكر","Male","1439"
"50-59","50-59","سعودي"," Saudi ","611","أنثى","Female","1440"
"60-69","60-69","سعودي"," Saudi ","1107","ذكر","Male","1439"
"20-29","20-29","سعودي"," Saudi ","4224","أنثى","Female","1441"
"0-9","0-9","غير سعودي","Non Saudi","1690","ذكر","Male","1440"
"40-49","40-49","غير سعودي","Non Saudi","1696","أنثى","Female","1441"
"10-19","10-19","غير سعودي","Non Saudi","425","أنثى","Female","1440"
"30-39","30-39","غير سعودي","Non Saudi","316","ذكر","Male","1441"
"70+","70+","سعودي"," Saudi ","424","ذكر","Male","1439"
"0-9","0-9","غير سعودي","Non Saudi","632","ذكر","Male","1439"
"60-69","60-69","سعودي"," Saudi ","441","ذكر","Male","1439"
"60-69","60-69","غير سعودي","Non Saudi","47","أنثى","Female","1439"
"50-59","50-59","سعودي"," Saudi ","439","أنثى","Female","1439"
"70+","70+","سعودي"," Saudi ","407","ذكر","Male","1440"
"0-9","0-9","سعودي"," Saudi ","14548","أنثى","Female","1440"
"50-59","50-59","غير سعودي","Non Saudi","5660","أنثى","Female","1440"
"40-49","40-49","غير سعودي","Non Saudi","605","ذكر","Male","1441"
"0-9","0-9","غير سعودي","Non Saudi","73668","أنثى","Female","1439"
"50-59","50-59","سعودي"," Saudi ","592","ذكر","Male","1440"
"30-39","30-39","سعودي"," Saudi ","4923","أنثى","Female","1440"
"30-39","30-39","غير سعودي","Non Saudi","7634","أنثى","Female","1440"
"50-59","50-59","سعودي"," Saudi ","7913","ذكر","Male","1440"
"40-49","40-49","سعودي"," Saudi ","5347","أنثى","Female","1440"
"70+","70+","سعودي"," Saudi ","1542","أنثى","Female","1439"
"0-9","0-9","غير سعودي","Non Saudi","5475","أنثى","Female","1441"
"60-69","60-69","سعودي"," Saudi ","4558","أنثى","Female","1440"
"20-29","20-29","غير سعودي","Non Saudi","887","ذكر","Male","1439"
"50-59","50-59","سعودي"," Saudi ","1636","ذكر","Male","1440"
"0-9","0-9","سعودي"," Saudi ","720","أنثى","Female","1439"
"40-49","40-49","سعودي"," Saudi ","644","أنثى","Female","1440"
"0-9","0-9","سعودي"," Saudi ","3417","ذكر","Male","1439"
"0-9","0-9","غير سعودي","Non Saudi","1916","أنثى","Female","1441"
"70+","70+","سعودي"," Saudi ","227","أنثى","Female","1439"
"70+","70+","غير سعودي","Non Saudi","1427","ذكر","Male","1440"
"10-19","10-19","سعودي"," Saudi ","11860","أنثى","Female","1439"
"50-59","50-59","سعودي"," Saudi ","4582","أنثى","Female","1440"
"20-29","20-29","غير سعودي","Non Saudi","1300","ذكر","Male","1439"
"10-19","10-19","غير سعودي","Non Saudi","55509","ذكر","Male","1439"
"50-59","50-59","سعودي"," Saudi ","7660","ذكر","Male","1441"
"20-29","20-29","سعودي"," Saudi ","3663","أنثى","Female","1440"
"50-59","50-59","سعودي"," Saudi ","5124","ذكر","Male","1441"
"70+","70+","سعودي"," Saudi ","6268","ذكر","Male","1439"
"30-39","30-39","غير سعودي","Non Saudi","1510","أنثى","Female","1441"
"30-39","30-39","سعودي"," Saudi ","26115","ذكر","Male","1439"
"60-69","60-69","سعودي"," Saudi ","109","ذكر","Male","1441"
"50-59","50-59","سعودي"," Saudi ","1037","ذكر","Male","1439"
"10-19","10-19","سعودي"," Saudi ","4892","ذكر","Male","1441"
"20-29","20-29","سعودي"," Saudi ","6470","أنثى","Female","1441"
"70+","70+","غير سعودي","Non Saudi","756","ذكر","Male","1440"
"40-49","40-49","سعودي"," Saudi ","1516","ذكر","Male","1441"
"70+","70+","سعودي"," Saudi ","853","ذكر","Male","1441"
"10-19","10-19","غير سعودي","Non Saudi","2399","ذكر","Male","1439"
"0-9","0-9","غير سعودي","Non Saudi","22201","أنثى","Female","1439"
"70+","70+","سعودي"," Saudi ","745","ذكر","Male","1439"
"30-39","30-39","غير سعودي","Non Saudi","1240","أنثى","Female","1439"
"30-39","30-39","غير سعودي","Non Saudi","689","أنثى","Female","1439"
"60-69","60-69","غير سعودي","Non Saudi","428","ذكر","Male","1439"
"30-39","30-39","غير سعودي","Non Saudi","9832","ذكر","Male","1439"
"50-59","50-59","غير سعودي","Non Saudi","3898","ذكر","Male","1440"
"40-49","40-49","غير سعودي","Non Saudi","6424","ذكر","Male","1440"
"10-19","10-19","سعودي"," Saudi ","4152","أنثى","Female","1440"
"10-19","10-19","سعودي"," Saudi ","1586","ذكر","Male","1439"
"0-9","0-9","غير سعودي","Non Saudi","17614","أنثى","Female","1440"
"50-59","50-59","غير سعودي","Non Saudi","8365","ذكر","Male","1440"
"40-49","40-49","سعودي"," Saudi ","185","أنثى","Female","1441"
"50-59","50-59","سعودي"," Saudi ","752","أنثى","Female","1441"
"0-9","0-9","غير سعودي","Non Saudi","2254","ذكر","Male","1440"
"30-39","30-39","غير سعودي","Non Saudi","644","ذكر","Male","1441"
"30-39","30-39","غير سعودي","Non Saudi","3841","أنثى","Female","1440"
"70+","70+","غير سعودي","Non Saudi","4843","ذكر","Male","1440"
"50-59","50-59","غير سعودي","Non Saudi","2204","أنثى","Female","1439"
"40-49","40-49","غير سعودي","Non Saudi","2620","أنثى","Female","1439"
"30-39","30-39","غير سعودي","Non Saudi","662","أنثى","Female","1440"
"10-19","10-19","سعودي"," Saudi ","1169","أنثى","Female","1441"
"20-29","20-29","غير سعودي","Non Saudi","117","أنثى","Female","1439"
"0-9","0-9","غير سعودي","Non Saudi","310","ذكر","Male","1439"
"70+","70+","سعودي"," Saudi ","400","أنثى","Female","1439"
"60-69","60-69","سعودي"," Saudi ","10128","ذكر","Male","1439"
"0-9","0-9","سعودي"," Saudi ","259","ذكر","Male","1441"
"20-29","20-29","غير سعودي","Non Saudi","4859","ذكر","Male","1440"
"20-29","20-29","غير سعودي","Non Saudi","24462","ذكر","Male","1441"
"30-39","30-39","غير سعودي","Non Saudi","408","أنثى","Female","1441"
"10-19","10-19","سعودي"," Saudi ","13650","ذكر","Male","1439"
"20-29","20-29","سعودي"," Saudi ","5895","أنثى","Female","1441"
"10-19","10-19","سعودي"," Saudi ","3174","ذكر","Male","1439"
"50-59","50-59","سعودي"," Saudi ","407","ذكر","Male","1441"
"40-49","40-49","سعودي"," Saudi ","10014","ذكر","Male","1440"
"50-59","50-59","سعودي"," Saudi ","246","ذكر","Male","1441"
"50-59","50-59","غير سعودي","Non Saudi","1613","ذكر","Male","1439"
"70+","70+","سعودي"," Saudi ","1607","أنثى","Female","1440"
"70+","70+","سعودي"," Saudi ","3892","أنثى","Female","1440"
"0-9","0-9","غير سعودي","Non Saudi","128","أنثى","Female","1439"
"0-9","0-9","سعودي"," Saudi ","2371","ذكر","Male","1441"
"60-69","60-69","سعودي"," Saudi ","13512","ذكر","Male","1440"
"10-19","10-19","سعودي"," Saudi ","18652","ذكر","Male","1440"
"60-69","60-69","سعودي"," Saudi ","4718","ذكر","Male","1441"
"40-49","40-49","سعودي"," Saudi ","3215","أنثى","Female","1439"
"20-29","20-29","سعودي"," Saudi ","2424","ذكر","Male","1440"
"60-69","60-69","سعودي"," Saudi ","48213","ذكر","Male","1440"
"40-49","40-49","سعودي"," Saudi ","10976","أنثى","Female","1439"
"30-39","30-39","سعودي"," Saudi ","2445","أنثى","Female","1439"
"20-29","20-29","سعودي"," Saudi ","962","ذكر","Male","1441"
"50-59","50-59","سعودي"," Saudi ","9923","أنثى","Female","1439"
"20-29","20-29","غير سعودي","Non Saudi","2198","أنثى","Female","1439"
"20-29","20-29","غير سعودي","Non Saudi","440","ذكر","Male","1441"
"30-39","30-39","سعودي"," Saudi ","7729","أنثى","Female","1440"
"0-9","0-9","غير سعودي","Non Saudi","277","ذكر","Male","1440"
"40-49","40-49","غير سعودي","Non Saudi","39611","ذكر","Male","1441"
"10-19","10-19","سعودي"," Saudi ","5279","أنثى","Female","1439"
"40-49","40-49","سعودي"," Saudi ","22300","ذكر","Male","1440"
"20-29","20-29","سعودي"," Saudi ","1500","أنثى","Female","1440"
"30-39","30-39","سعودي"," Saudi ","14189","أنثى","Female","1439"
"10-19","10-19","سعودي"," Saudi ","6947","ذكر","Male","1440"
"30-39","30-39","سعودي"," Saudi ","5585","أنثى","Female","1440"
"0-9","0-9","سعودي"," Saudi ","25016","أنثى","Female","1440"
"10-19","10-19","سعودي"," Saudi ","5722","أنثى","Female","1441"
"60-69","60-69","سعودي"," Saudi ","802","ذكر","Male","1439"
"0-9","0-9","غير سعودي","Non Saudi","2077","ذكر","Male","1439"
"20-29","20-29","غير سعودي","Non Saudi","1375","أنثى","Female","1441"
"0-9","0-9","غير سعودي","Non Saudi","572","ذكر","Male","1440"
"40-49","40-49","غير سعودي","Non Saudi","95","أنثى","Female","1440"
"50-59","50-59","سعودي"," Saudi ","110","أنثى","Female","1441"
"60-69","60-69","سعودي"," Saudi ","108","أنثى","Female","1439"
"50-59","50-59","سعودي"," Saudi ","2609","ذكر","Male","1439"
"30-39","30-39","غير سعودي","Non Saudi","138913","ذكر","Male","1439"
"10-19","10-19","غير سعودي","Non Saudi","9324","ذكر","Male","1439"
"10-19","10-19","غير سعودي","Non Saudi","457","ذكر","Male","1440"
"20-29","20-29","سعودي"," Saudi ","11976","أنثى","Female","1439"
"50-59","50-59","غير سعودي","Non Saudi","41994","ذكر","Male","1441"
"10-19","10-19","سعودي"," Saudi ","4990","ذكر","Male","1439"
"0-9","0-9","غير سعودي","Non Saudi","78","أنثى","Female","1441"
"50-59","50-59","غير سعودي","Non Saudi","8999","ذكر","Male","1440"
"40-49","40-49","غير سعودي","Non Saudi","72887","ذكر","Male","1441"
"70+","70+","سعودي"," Saudi ","5594","ذكر","Male","1440"
"0-9","0-9","غير سعودي","Non Saudi","3631","أنثى","Female","1441"
"40-49","40-49","سعودي"," Saudi ","1351","أنثى","Female","1439"
"40-49","40-49","سعودي"," Saudi ","2336","أنثى","Female","1439"
"30-39","30-39","غير سعودي","Non Saudi","1156","أنثى","Female","1439"
"20-29","20-29","غير سعودي","Non Saudi","762","أنثى","Female","1439"
"70+","70+","سعودي"," Saudi ","1634","أنثى","Female","1441"
"50-59","50-59","سعودي"," Saudi ","11544","أنثى","Female","1440"
"30-39","30-39","سعودي"," Saudi ","24368","ذكر","Male","1439"
"50-59","50-59","غير سعودي","Non Saudi","299","ذكر","Male","1440"
"50-59","50-59","سعودي"," Saudi ","10352","أنثى","Female","1440"
"60-69","60-69","غير سعودي","Non Saudi","26219","ذكر","Male","1441"
"30-39","30-39","سعودي"," Saudi ","747","ذكر","Male","1440"
"20-29","20-29","سعودي"," Saudi ","2420","أنثى","Female","1440"
"20-29","20-29","سعودي"," Saudi ","420","ذكر","Male","1441"
"40-49","40-49","سعودي"," Saudi ","12871","أنثى","Female","1440"
"30-39","30-39","سعودي"," Saudi ","160","أنثى","Female","1441"
"70+","70+","سعودي"," Saudi ","658","أنثى","Female","1439"
"20-29","20-29","غير سعودي","Non Saudi","198","أنثى","Female","1440"
"40-49","40-49","غير سعودي","Non Saudi","33269","ذكر","Male","1439"
"10-19","10-19","سعودي"," Saudi ","32093","أنثى","Female","1440"
"30-39","30-39","غير سعودي","Non Saudi","7396","ذكر","Male","1440"
"50-59","50-59","سعودي"," Saudi ","175","ذكر","Male","1441"
"20-29","20-29","غير سعودي","Non Saudi","2173","ذكر","Male","1439"
"30-39","30-39","غير سعودي","Non Saudi","67373","ذكر","Male","1440"
"50-59","50-59","سعودي"," Saudi ","4149","أنثى","Female","1439"
"0-9","0-9","سعودي"," Saudi ","3219","ذكر","Male","1439"
"40-49","40-49","سعودي"," Saudi ","9043","أنثى","Female","1441"
"70+","70+","سعودي"," Saudi ","261","أنثى","Female","1441"
"50-59","50-59","سعودي"," Saudi ","10107","أنثى","Female","1440"
"20-29","20-29","سعودي"," Saudi ","645","أنثى","Female","1441"
"20-29","20-29","غير سعودي","Non Saudi","5945","ذكر","Male","1440"
"30-39","30-39","سعودي"," Saudi ","1227","ذكر","Male","1441"
"70+","70+","سعودي"," Saudi ","568","أنثى","Female","1439"
"20-29","20-29","غير سعودي","Non Saudi","731","أنثى","Female","1440"
"20-29","20-29","غير سعودي","Non Saudi","1346","ذكر","Male","1441"
"70+","70+","سعودي"," Saudi ","349","ذكر","Male","1440"
"10-19","10-19","غير سعودي","Non Saudi","161","أنثى","Female","1439"
"50-59","50-59","سعودي"," Saudi ","25759","أنثى","Female","1440"
"30-39","30-39","سعودي"," Saudi ","1126","أنثى","Female","1439"
"40-49","40-49","غير سعودي","Non Saudi","11758","أنثى","Female","1439"
"50-59","50-59","غير سعودي","Non Saudi","5089","أنثى","Female","1439"
"20-29","20-29","سعودي"," Saudi ","19789","ذكر","Male","1439"
"30-39","30-39","سعودي"," Saudi ","1395","ذكر","Male","1440"
"40-49","40-49","غير سعودي","Non Saudi","1705","ذكر","Male","1440"
"0-9","0-9","سعودي"," Saudi ","7497","ذكر","Male","1439"
"30-39","30-39","سعودي"," Saudi ","2283","ذكر","Male","1439"
"0-9","0-9","سعودي"," Saudi ","23868","ذكر","Male","1440"
"40-49","40-49","سعودي"," Saudi ","45134","ذكر","Male","1439"
"40-49","40-49","غير سعودي","Non Saudi","1451","أنثى","Female","1440"
"0-9","0-9","سعودي"," Saudi ","1636","ذكر","Male","1440"
"60-69","60-69","سعودي"," Saudi ","89","ذكر","Male","1441"
"30-39","30-39","غير سعودي","Non Saudi","1435","أنثى","Female","1439"
"60-69","60-69","غير سعودي","Non Saudi","379","أنثى","Female","1440"
"10-19","10-19","سعودي"," Saudi ","10223","أنثى","Female","1439"
"50-59","50-59","غير سعودي","Non Saudi","11201","ذكر","Male","1441"
"0-9","0-9","سعودي"," Saudi ","36647","أنثى","Female","1440"
"0-9","0-9","غير سعودي","Non Saudi","15322","ذكر","Male","1440"
"20-29","20-29","غير سعودي","Non Saudi","5529","ذكر","Male","1441"
"40-49","40-49","غير سعودي","Non Saudi","5933","ذكر","Male","1439"
"30-39","30-39","سعودي"," Saudi ","1666","ذكر","Male","1441"
"0-9","0-9","سعودي"," Saudi ","3951","أنثى","Female","1439"
"40-49","40-49","غير سعودي","Non Saudi","11026","أنثى","Female","1440"
"30-39","30-39","غير سعودي","Non Saudi","22102","أنثى","Female","1441"
"40-49","40-49","سعودي"," Saudi ","104872","أنثى","Female","1440"
"20-29","20-29","سعودي"," Saudi ","1633","أنثى","Female","1441"
"10-19","10-19","سعودي"," Saudi ","142","ذكر","Male","1441"
"20-29","20-29","سعودي"," Saudi ","64742","ذكر","Male","1439"
"60-69","60-69","سعودي"," Saudi ","3685","ذكر","Male","1439"
"30-39","30-39","سعودي"," Saudi ","1037","أنثى","Female","1441"
"20-29","20-29","سعودي"," Saudi ","8039","ذكر","Male","1439"
"30-39","30-39","سعودي"," Saudi ","9421","ذكر","Male","1440"
"0-9","0-9","غير سعودي","Non Saudi","1493","أنثى","Female","1440"
"20-29","20-29","سعودي"," Saudi ","5862","ذكر","Male","1439"
"70+","70+","سعودي"," Saudi ","109","أنثى","Female","1439"
"50-59","50-59","سعودي"," Saudi ","2192","ذكر","Male","1440"
"60-69","60-69","سعودي"," Saudi ","22241","ذكر","Male","1439"
"0-9","0-9","سعودي"," Saudi ","794","ذكر","Male","1439"
"50-59","50-59","غير سعودي","Non Saudi","306","أنثى","Female","1439"
"40-49","40-49","سعودي"," Saudi ","221","أنثى","Female","1441"
"70+","70+","غير سعودي","Non Saudi","418","ذكر","Male","1439"
"70+","70+","سعودي"," Saudi ","4662","أنثى","Female","1440"
"30-39","30-39","سعودي"," Saudi ","3136","ذكر","Male","1441"
"20-29","20-29","سعودي"," Saudi ","12020","أنثى","Female","1440"
"40-49","40-49","سعودي"," Saudi ","22189","ذكر","Male","1440"
"30-39","30-39","غير سعودي","Non Saudi","6908","أنثى","Female","1441"
"0-9","0-9","سعودي"," Saudi ","8906","أنثى","Female","1439"
"20-29","20-29","غير سعودي","Non Saudi","189","أنثى","Female","1439"
"0-9","0-9","غير سعودي","Non Saudi","11293","ذكر","Male","1441"
"0-9","0-9","غير سعودي","Non Saudi","2934","أنثى","Female","1440"
"50-59","50-59","غير سعودي","Non Saudi","7740","أنثى","Female","1441"
"60-69","60-69","سعودي"," Saudi ","939","أنثى","Female","1441"
"70+","70+","سعودي"," Saudi ","261","أنثى","Female","1441"
"0-9","0-9","سعودي"," Saudi ","4085","أنثى","Female","1441"
"0-9","0-9","سعودي"," Saudi ","408","ذكر","Male","1441"
"70+","70+","سعودي"," Saudi ","3854","ذكر","Male","1439"
"70+","70+","غير سعودي","Non Saudi","599","ذكر","Male","1439"
"30-39","30-39","سعودي"," Saudi ","28775","ذكر","Male","1440"
"20-29","20-29","غير سعودي","Non Saudi","14785","ذكر","Male","1440"
"70+","70+","سعودي"," Saudi ","5274","ذكر","Male","1440"
"40-49","40-49","غير سعودي","Non Saudi","415865","ذكر","Male","1439"
"10-19","10-19","غير سعودي","Non Saudi","650","ذكر","Male","1440"
"30-39","30-39","غير سعودي","Non Saudi","16275","ذكر","Male","1439"
"0-9","0-9","سعودي"," Saudi ","4830","ذكر","Male","1440"
"50-59","50-59","غير سعودي","Non Saudi","817","ذكر","Male","1441"
"10-19","10-19","سعودي"," Saudi ","211","ذكر","Male","1440"
"40-49","40-49","سعودي"," Saudi ","5831","ذكر","Male","1439"
"50-59","50-59","غير سعودي","Non Saudi","657","ذكر","Male","1440"
"0-9","0-9","غير سعودي","Non Saudi","2674","أنثى","Female","1440"
"30-39","30-39","سعودي"," Saudi ","2215","ذكر","Male","1440"
"60-69","60-69","غير سعودي","Non Saudi","3664","ذكر","Male","1441"
"50-59","50-59","سعودي"," Saudi ","608","أنثى","Female","1439"
"40-49","40-49","سعودي"," Saudi ","2032","ذكر","Male","1441"
"50-59","50-59","سعودي"," Saudi ","479","ذكر","Male","1441"
"60-69","60-69","سعودي"," Saudi ","71","ذكر","Male","1441"
"20-29","20-29","غير سعودي","Non Saudi","1211","أنثى","Female","1440"
"60-69","60-69","سعودي"," Saudi ","484","أنثى","Female","1440"
"70+","70+","سعودي"," Saudi ","174","ذكر","Male","1440"
"50-59","50-59","غير سعودي","Non Saudi","169","ذكر","Male","1441"
"60-69","60-69","سعودي"," Saudi ","469","ذكر","Male","1441"
"50-59","50-59","سعودي"," Saudi ","84991","ذكر","Male","1440"
"30-39","30-39","سعودي"," Saudi ","50082","ذكر","Male","1440"
"20-29","20-29","غير سعودي","Non Saudi","14814","أنثى","Female","1439"
"10-19","10-19","سعودي"," Saudi ","624","ذكر","Male","1440"
"10-19","10-19","سعودي"," Saudi ","761","أنثى","Female","1441"
"70+","70+","سعودي"," Saudi ","275","أنثى","Female","1441"
"70+","70+","سعودي"," Saudi ","220","ذكر","Male","1441"
"70+","70+","سعودي"," Saudi ","818","أنثى","Female","1440"
"70+","70+","سعودي"," Saudi ","455","أنثى","Female","1440"
"70+","70+","سعودي"," Saudi ","1453","أنثى","Female","1441"
"70+","70+","غير سعودي","Non Saudi","1356","ذكر","Male","1440"
"40-49","40-49","سعودي"," Saudi ","551","أنثى","Female","1440"
"10-19","10-19","سعودي"," Saudi ","712","أنثى","Female","1439"
"50-59","50-59","سعودي"," Saudi ","4299","أنثى","Female","1440"
"50-59","50-59","سعودي"," Saudi ","2048","أنثى","Female","1439"
"0-9","0-9","سعودي"," Saudi ","1244","أنثى","Female","1441"
"10-19","10-19","سعودي"," Saudi ","4232","ذكر","Male","1439"
"20-29","20-29","غير سعودي","Non Saudi","71680","ذكر","Male","1439"
"40-49","40-49","سعودي"," Saudi ","4738","أنثى","Female","1441"
"40-49","40-49","سعودي"," Saudi ","24221","ذكر","Male","1439"
"30-39","30-39","غير سعودي","Non Saudi","12056","أنثى","Female","1441"
"30-39","30-39","سعودي"," Saudi ","1776","ذكر","Male","1440"
"30-39","30-39","سعودي"," Saudi ","739","أنثى","Female","1440"
"20-29","20-29","سعودي"," Saudi ","2715","ذكر","Male","1439"
"10-19","10-19","سعودي"," Saudi ","2662","أنثى","Female","1440"
"40-49","40-49","سعودي"," Saudi ","9359","أنثى","Female","1440"
"20-29","20-29","سعودي"," Saudi ","3242","أنثى","Female","1441"
"10-19","10-19","غير سعودي","Non Saudi","416","ذكر","Male","1439"
"10-19","10-19","غير سعودي","Non Saudi","141","أنثى","Female","1441"
"50-59","50-59","غير سعودي","Non Saudi","224","أنثى","Female","1439"
"0-9","0-9","سعودي"," Saudi ","528","ذكر","Male","1441"
"30-39","30-39","سعودي"," Saudi ","1542","ذكر","Male","1440"
"30-39","30-39","غير سعودي","Non Saudi","1518","أنثى","Female","1439"
"40-49","40-49","غير سعودي","Non Saudi","1400","أنثى","Female","1440"
"60-69","60-69","غير سعودي","Non Saudi","916","ذكر","Male","1441"
"60-69","60-69","سعودي"," Saudi ","715","أنثى","Female","1439"
"60-69","60-69","سعودي"," Saudi ","563","أنثى","Female","1439"
"70+","70+","سعودي"," Saudi ","557","ذكر","Male","1441"
"70+","70+","غير سعودي","Non Saudi","2412","ذكر","Male","1439"
"10-19","10-19","سعودي"," Saudi ","29923","أنثى","Female","1440"
"50-59","50-59","سعودي"," Saudi ","22080","ذكر","Male","1439"
"50-59","50-59","سعودي"," Saudi ","15564","أنثى","Female","1440"
"70+","70+","غير سعودي","Non Saudi","14761","ذكر","Male","1439"
"40-49","40-49","غير سعودي","Non Saudi","5538","ذكر","Male","1439"
"40-49","40-49","غير سعودي","Non Saudi","7493","ذكر","Male","1439"
"60-69","60-69","سعودي"," Saudi ","3693","أنثى","Female","1441"
"10-19","10-19","غير سعودي","Non Saudi","328","أنثى","Female","1440"
"10-19","10-19","غير سعودي","Non Saudi","190","أنثى","Female","1440"
"30-39","30-39","غير سعودي","Non Saudi","145","أنثى","Female","1441"
"70+","70+","سعودي"," Saudi ","2461","أنثى","Female","1440"
"70+","70+","غير سعودي","Non Saudi","330","أنثى","Female","1439"
"50-59","50-59","غير سعودي","Non Saudi","839","ذكر","Male","1441"
"70+","70+","غير سعودي","Non Saudi","3535","ذكر","Male","1439"
"70+","70+","سعودي"," Saudi ","506","أنثى","Female","1439"
"70+","70+","غير سعودي","Non Saudi","368","ذكر","Male","1439"
"40-49","40-49","سعودي"," Saudi ","11317","أنثى","Female","1440"
"0-9","0-9","سعودي"," Saudi ","261","أنثى","Female","1440"
"30-39","30-39","غير سعودي","Non Saudi","7208","ذكر","Male","1439"
"0-9","0-9","غير سعودي","Non Saudi","154","أنثى","Female","1439"
"30-39","30-39","غير سعودي","Non Saudi","293","أنثى","Female","1440"
"30-39","30-39","سعودي"," Saudi ","561","أنثى","Female","1441"
"40-49","40-49","سعودي"," Saudi ","12814","ذكر","Male","1441"
"10-19","10-19","سعودي"," Saudi ","61635","أنثى","Female","1439"
"0-9","0-9","سعودي"," Saudi ","27743","ذكر","Male","1439"
"60-69","60-69","سعودي"," Saudi ","4263","ذكر","Male","1440"
"0-9","0-9","سعودي"," Saudi ","26235","أنثى","Female","1440"
"40-49","40-49","سعودي"," Saudi ","3908","ذكر","Male","1441"
"50-59","50-59","سعودي"," Saudi ","7823","ذكر","Male","1439"
"10-19","10-19","غير سعودي","Non Saudi","2888","ذكر","Male","1441"
"30-39","30-39","غير سعودي","Non Saudi","5447","ذكر","Male","1441"
"0-9","0-9","سعودي"," Saudi ","3150","أنثى","Female","1439"
"0-9","0-9","سعودي"," Saudi ","266","أنثى","Female","1441"
"50-59","50-59","سعودي"," Saudi ","1564","ذكر","Male","1440"
"40-49","40-49","غير سعودي","Non Saudi","1545","أنثى","Female","1440"
"70+","70+","سعودي"," Saudi ","216","ذكر","Male","1440"
"10-19","10-19","غير سعودي","Non Saudi","146","ذكر","Male","1441"
"10-19","10-19","غير سعودي","Non Saudi","262","ذكر","Male","1440"
"20-29","20-29","غير سعودي","Non Saudi","331","أنثى","Female","1439"
"30-39","30-39","سعودي"," Saudi ","6908","أنثى","Female","1439"
"40-49","40-49","غير سعودي","Non Saudi","4702","ذكر","Male","1441"
"30-39","30-39","غير سعودي","Non Saudi","257963","ذكر","Male","1440"
"0-9","0-9","سعودي"," Saudi ","45082","ذكر","Male","1440"
"50-59","50-59","غير سعودي","Non Saudi","10185","ذكر","Male","1439"
"10-19","10-19","سعودي"," Saudi ","10346","أنثى","Female","1440"
"40-49","40-49","غير سعودي","Non Saudi","3465","ذكر","Male","1439"
"50-59","50-59","غير سعودي","Non Saudi","562","أنثى","Female","1440"
"0-9","0-9","غير سعودي","Non Saudi","1153","أنثى","Female","1439"
"20-29","20-29","غير سعودي","Non Saudi","316","أنثى","Female","1439"
"0-9","0-9","سعودي"," Saudi ","950","ذكر","Male","1439"
"10-19","10-19","سعودي"," Saudi ","258","ذكر","Male","1440"
"10-19","10-19","غير سعودي","Non Saudi","61","ذكر","Male","1441"
"0-9","0-9","سعودي"," Saudi ","1476","ذكر","Male","1441"
"60-69","60-69","غير سعودي","Non Saudi","2945","ذكر","Male","1441"
"10-19","10-19","غير سعودي","Non Saudi","8744","ذكر","Male","1440"
"10-19","10-19","سعودي"," Saudi ","2214","ذكر","Male","1440"
"50-59","50-59","سعودي"," Saudi ","48302","أنثى","Female","1439"
"40-49","40-49","سعودي"," Saudi ","12631","أنثى","Female","1439"
"10-19","10-19","سعودي"," Saudi ","19379","ذكر","Male","1440"
"40-49","40-49","غير سعودي","Non Saudi","39202","أنثى","Female","1440"
"30-39","30-39","سعودي"," Saudi ","16767","أنثى","Female","1439"
"50-59","50-59","غير سعودي","Non Saudi","494","أنثى","Female","1440"
"30-39","30-39","سعودي"," Saudi ","473","ذكر","Male","1441"
"30-39","30-39","سعودي"," Saudi ","8778","ذكر","Male","1439"
"40-49","40-49","غير سعودي","Non Saudi","960","أنثى","Female","1440"
"70+","70+","سعودي"," Saudi ","4539","ذكر","Male","1440"
"60-69","60-69","سعودي"," Saudi ","369","أنثى","Female","1441"
"70+","70+","سعودي"," Saudi ","562","أنثى","Female","1441"
"20-29","20-29","غير سعودي","Non Saudi","97","أنثى","Female","1441"
"0-9","0-9","سعودي"," Saudi ","3697","أنثى","Female","1439"
"60-69","60-69","سعودي"," Saudi ","7426","ذكر","Male","1439"
"40-49","40-49","غير سعودي","Non Saudi","200256","أنثى","Female","1439"
"10-19","10-19","سعودي"," Saudi ","16113","أنثى","Female","1440"
"40-49","40-49","غير سعودي","Non Saudi","17990","أنثى","Female","1441"
"0-9","0-9","غير سعودي","Non Saudi","5326","ذكر","Male","1439"
"0-9","0-9","غير سعودي","Non Saudi","2826","ذكر","Male","1441"
"50-59","50-59","غير سعودي","Non Saudi","1007","ذكر","Male","1441"
"70+","70+","سعودي"," Saudi ","276","ذكر","Male","1441"
"50-59","50-59","غير سعودي","Non Saudi","433","أنثى","Female","1439"
"60-69","60-69","سعودي"," Saudi ","1177","أنثى","Female","1439"
"50-59","50-59","غير سعودي","Non Saudi","2822","ذكر","Male","1440"
"50-59","50-59","غير سعودي","Non Saudi","394","أنثى","Female","1439"
"40-49","40-49","سعودي"," Saudi ","12049","ذكر","Male","1439"
"60-69","60-69","سعودي"," Saudi ","31547","ذكر","Male","1440"
"0-9","0-9","سعودي"," Saudi ","15032","أنثى","Female","1440"
"20-29","20-29","سعودي"," Saudi ","8165","ذكر","Male","1441"
"40-49","40-49","غير سعودي","Non Saudi","6688","ذكر","Male","1440"
"40-49","40-49","سعودي"," Saudi ","13536","أنثى","Female","1439"
"20-29","20-29","سعودي"," Saudi ","27448","ذكر","Male","1439"
"50-59","50-59","غير سعودي","Non Saudi","9101","ذكر","Male","1441"
"0-9","0-9","سعودي"," Saudi ","1502","أنثى","Female","1439"
"60-69","60-69","سعودي"," Saudi ","1606","ذكر","Male","1439"
"50-59","50-59","سعودي"," Saudi ","13968","أنثى","Female","1440"
"10-19","10-19","سعودي"," Saudi ","7820","أنثى","Female","1440"
"50-59","50-59","سعودي"," Saudi ","208","ذكر","Male","1439"
"20-29","20-29","غير سعودي","Non Saudi","660","أنثى","Female","1440"
"50-59","50-59","سعودي"," Saudi ","356","أنثى","Female","1439"
"40-49","40-49","غير سعودي","Non Saudi","7398","ذكر","Male","1441"
"30-39","30-39","غير سعودي","Non Saudi","3752","ذكر","Male","1441"
"0-9","0-9","سعودي"," Saudi ","10386","أنثى","Female","1439"
"30-39","30-39","سعودي"," Saudi ","50889","ذكر","Male","1439"
"60-69","60-69","غير سعودي","Non Saudi","5059","ذكر","Male","1439"
"50-59","50-59","غير سعودي","Non Saudi","2646","ذكر","Male","1440"
"70+","70+","سعودي"," Saudi ","4355","ذكر","Male","1439"
"40-49","40-49","سعودي"," Saudi ","1184","ذكر","Male","1441"
"30-39","30-39","سعودي"," Saudi ","1299","أنثى","Female","1441"
"50-59","50-59","غير سعودي","Non Saudi","30134","ذكر","Male","1439"
"40-49","40-49","غير سعودي","Non Saudi","64231","ذكر","Male","1440"
"60-69","60-69","سعودي"," Saudi ","2895","أنثى","Female","1440"
"70+","70+","سعودي"," Saudi ","1738","ذكر","Male","1440"
"40-49","40-49","سعودي"," Saudi ","868","ذكر","Male","1440"
"10-19","10-19","سعودي"," Saudi ","3064","أنثى","Female","1439"
"50-59","50-59","سعودي"," Saudi ","7821","ذكر","Male","1440"
"70+","70+","غير سعودي","Non Saudi","3176","أنثى","Female","1439"
"0-9","0-9","غير سعودي","Non Saudi","8824","ذكر","Male","1439"
"10-19","10-19","سعودي"," Saudi ","2141","ذكر","Male","1439"
"30-39","30-39","سعودي"," Saudi ","1137","أنثى","Female","1441"
"30-39","30-39","غير سعودي","Non Saudi","1848","أنثى","Female","1441"
"60-69","60-69","سعودي"," Saudi ","783","ذكر","Male","1439"
"20-29","20-29","سعودي"," Saudi ","493","ذكر","Male","1440"
"10-19","10-19","غير سعودي","Non Saudi","140","أنثى","Female","1441"
"20-29","20-29","سعودي"," Saudi ","896","ذكر","Male","1441"
"0-9","0-9","سعودي"," Saudi ","917","ذكر","Male","1440"
"30-39","30-39","سعودي"," Saudi ","162970","ذكر","Male","1439"
"20-29","20-29","سعودي"," Saudi ","44768","أنثى","Female","1439"
"60-69","60-69","سعودي"," Saudi ","490","أنثى","Female","1439"
"30-39","30-39","سعودي"," Saudi ","820","ذكر","Male","1441"
"60-69","60-69","سعودي"," Saudi ","291","أنثى","Female","1439"
"70+","70+","غير سعودي","Non Saudi","1531","أنثى","Female","1439"
"60-69","60-69","غير سعودي","Non Saudi","471","أنثى","Female","1441"
"0-9","0-9","سعودي"," Saudi ","1228","ذكر","Male","1440"
"20-29","20-29","سعودي"," Saudi ","14906","ذكر","Male","1439"
"70+","70+","سعودي"," Saudi ","1496","ذكر","Male","1440"
"40-49","40-49","غير سعودي","Non Saudi","568","ذكر","Male","1441"
"70+","70+","سعودي"," Saudi ","625","أنثى","Female","1440"
"10-19","10-19","غير سعودي","Non Saudi","4535","ذكر","Male","1439"
"20-29","20-29","سعودي"," Saudi ","2002","أنثى","Female","1441"
"30-39","30-39","سعودي"," Saudi ","7893","ذكر","Male","1439"
"20-29","20-29","سعودي"," Saudi ","2506","ذكر","Male","1439"
"0-9","0-9","غير سعودي","Non Saudi","70019","ذكر","Male","1440"
"20-29","20-29","سعودي"," Saudi ","16356","أنثى","Female","1440"
"20-29","20-29","سعودي"," Saudi ","26835","أنثى","Female","1440"
"20-29","20-29","غير سعودي","Non Saudi","64563","ذكر","Male","1440"
"30-39","30-39","سعودي"," Saudi ","5715","ذكر","Male","1440"
"40-49","40-49","غير سعودي","Non Saudi","731","أنثى","Female","1439"
"40-49","40-49","سعودي"," Saudi ","2812","أنثى","Female","1441"
"30-39","30-39","سعودي"," Saudi ","9904","أنثى","Female","1439"
"40-49","40-49","غير سعودي","Non Saudi","2532","ذكر","Male","1439"
"70+","70+","غير سعودي","Non Saudi","115","أنثى","Female","1439"
"50-59","50-59","غير سعودي","Non Saudi","25","أنثى","Female","1440"
"10-19","10-19","سعودي"," Saudi ","8433","ذكر","Male","1440"
"10-19","10-19","سعودي"," Saudi ","9556","أنثى","Female","1439"
"30-39","30-39","سعودي"," Saudi ","606","ذكر","Male","1441"
"10-19","10-19","سعودي"," Saudi ","7512","ذكر","Male","1439"
"40-49","40-49","غير سعودي","Non Saudi","453352","ذكر","Male","1440"
"60-69","60-69","سعودي"," Saudi ","12346","أنثى","Female","1440"
"0-9","0-9","سعودي"," Saudi ","6951","أنثى","Female","1441"
"60-69","60-69","سعودي"," Saudi ","1286","أنثى","Female","1439"
"10-19","10-19","سعودي"," Saudi ","2061","أنثى","Female","1439"
"20-29","20-29","غير سعودي","Non Saudi","1092","ذكر","Male","1441"
"30-39","30-39","غير سعودي","Non Saudi","3104","ذكر","Male","1439"
"70+","70+","سعودي"," Saudi ","911","ذكر","Male","1439"
"60-69","60-69","سعودي"," Saudi ","154","أنثى","Female","1441"
"70+","70+","سعودي"," Saudi ","268","ذكر","Male","1439"
"70+","70+","سعودي"," Saudi ","1481","أنثى","Female","1439"
"50-59","50-59","غير سعودي","Non Saudi","500","أنثى","Female","1441"
"0-9","0-9","غير سعودي","Non Saudi","95","ذكر","Male","1441"
"30-39","30-39","غير سعودي","Non Saudi","7981","ذكر","Male","1439"
"10-19","10-19","غير سعودي","Non Saudi","1392","أنثى","Female","1439"
"20-29","20-29","غير سعودي","Non Saudi","18383","ذكر","Male","1440"
"20-29","20-29","سعودي"," Saudi ","122550","أنثى","Female","1440"
"60-69","60-69","غير سعودي","Non Saudi","615","أنثى","Female","1440"
"60-69","60-69","غير سعودي","Non Saudi","9476","ذكر","Male","1440"
"50-59","50-59","سعودي"," Saudi ","2346","ذكر","Male","1439"
"40-49","40-49","غير سعودي","Non Saudi","9391","أنثى","Female","1439"
"60-69","60-69","سعودي"," Saudi ","1807","ذكر","Male","1440"
"40-49","40-49","سعودي"," Saudi ","134","ذكر","Male","1441"
"10-19","10-19","سعودي"," Saudi ","1126","أنثى","Female","1439"
"0-9","0-9","سعودي"," Saudi ","1246","أنثى","Female","1439"
"60-69","60-69","سعودي"," Saudi ","1341","ذكر","Male","1439"
"40-49","40-49","سعودي"," Saudi ","10242","ذكر","Male","1440"
"20-29","20-29","سعودي"," Saudi ","18124","ذكر","Male","1439"
"60-69","60-69","سعودي"," Saudi ","2030","ذكر","Male","1439"
"0-9","0-9","غير سعودي","Non Saudi","1055","ذكر","Male","1439"
"10-19","10-19","سعودي"," Saudi ","5130","أنثى","Female","1440"
"0-9","0-9","سعودي"," Saudi ","727","أنثى","Female","1440"
"40-49","40-49","غير سعودي","Non Saudi","140604","ذكر","Male","1440"
"30-39","30-39","غير سعودي","Non Saudi","42210","أنثى","Female","1439"
"50-59","50-59","سعودي"," Saudi ","6351","أنثى","Female","1439"
"40-49","40-49","غير سعودي","Non Saudi","11182","ذكر","Male","1441"
"70+","70+","سعودي"," Saudi ","645","أنثى","Female","1440"
"40-49","40-49","سعودي"," Saudi ","5662","ذكر","Male","1439"
"20-29","20-29","سعودي"," Saudi ","635","أنثى","Female","1440"
"0-9","0-9","سعودي"," Saudi ","4177","أنثى","Female","1440"
"10-19","10-19","غير سعودي","Non Saudi","1996","ذكر","Male","1440"
"10-19","10-19","غير سعودي","Non Saudi","1047","أنثى","Female","1439"
"50-59","50-59","سعودي"," Saudi ","3985","أنثى","Female","1441"
"40-49","40-49","غير سعودي","Non Saudi","201","أنثى","Female","1440"
"40-49","40-49","سعودي"," Saudi ","5924","ذكر","Male","1439"
"20-29","20-29","سعودي"," Saudi ","9358","ذكر","Male","1440"
"20-29","20-29","سعودي"," Saudi ","1289","أنثى","Female","1439"
"10-19","10-19","غير سعودي","Non Saudi","291","أنثى","Female","1441"
"0-9","0-9","سعودي"," Saudi ","5587","أنثى","Female","1439"
"20-29","20-29","غير سعودي","Non Saudi","8363","أنثى","Female","1439"
"0-9","0-9","غير سعودي","Non Saudi","38812","أنثى","Female","1439"
"30-39","30-39","غير سعودي","Non Saudi","4497","ذكر","Male","1439"
"10-19","10-19","غير سعودي","Non Saudi","3027","ذكر","Male","1439"
"10-19","10-19","غير سعودي","Non Saudi","7734","ذكر","Male","1441"
"40-49","40-49","سعودي"," Saudi ","3323","أنثى","Female","1441"
"20-29","20-29","سعودي"," Saudi ","2530","ذكر","Male","1441"
"10-19","10-19","سعودي"," Saudi ","2090","ذكر","Male","1440"
"60-69","60-69","غير سعودي","Non Saudi","1936","ذكر","Male","1440"
"0-9","0-9","سعودي"," Saudi ","7104","ذكر","Male","1439"
"40-49","40-49","سعودي"," Saudi ","220","أنثى","Female","1441"
"70+","70+","سعودي"," Saudi ","158","أنثى","Female","1439"
"70+","70+","غير سعودي","Non Saudi","771","ذكر","Male","1440"
"0-9","0-9","غير سعودي","Non Saudi","99","أنثى","Female","1439"
"40-49","40-49","غير سعودي","Non Saudi","39105","ذكر","Male","1439"
"50-59","50-59","سعودي"," Saudi ","9166","ذكر","Male","1439"
"0-9","0-9","سعودي"," Saudi ","761","ذكر","Male","1440"
"0-9","0-9","سعودي"," Saudi ","8511","أنثى","Female","1439"
"10-19","10-19","سعودي"," Saudi ","16501","ذكر","Male","1439"
"60-69","60-69","غير سعودي","Non Saudi","757","ذكر","Male","1441"
"30-39","30-39","غير سعودي","Non Saudi","815","ذكر","Male","1440"
"0-9","0-9","سعودي"," Saudi ","1855","أنثى","Female","1439"
"30-39","30-39","سعودي"," Saudi ","2975","أنثى","Female","1441"
"20-29","20-29","غير سعودي","Non Saudi","10241","ذكر","Male","1440"
"20-29","20-29","سعودي"," Saudi ","472","ذكر","Male","1441"
"50-59","50-59","غير سعودي","Non Saudi","149","ذكر","Male","1440"
"50-59","50-59","غير سعودي","Non Saudi","735","ذكر","Male","1439"
"10-19","10-19","غير سعودي","Non Saudi","1648","ذكر","Male","1440"
"60-69","60-69","غير سعودي","Non Saudi","576","ذكر","Male","1440"
"40-49","40-49","غير سعودي","Non Saudi","45900","ذكر","Male","1439"
"40-49","40-49","سعودي"," Saudi ","921","ذكر","Male","1440"
"10-19","10-19","سعودي"," Saudi ","45536","ذكر","Male","1439"
"40-49","40-49","سعودي"," Saudi ","4980","ذكر","Male","1440"
"60-69","60-69","سعودي"," Saudi ","6344","ذكر","Male","1439"
"10-19","10-19","سعودي"," Saudi ","94910","أنثى","Female","1440"
"60-69","60-69","سعودي"," Saudi ","4698","ذكر","Male","1440"
"40-49","40-49","غير سعودي","Non Saudi","69949","ذكر","Male","1440"
"20-29","20-29","غير سعودي","Non Saudi","10323","أنثى","Female","1441"
"10-19","10-19","سعودي"," Saudi ","28804","أنثى","Female","1439"
"40-49","40-49","سعودي"," Saudi ","683","ذكر","Male","1441"
"30-39","30-39","سعودي"," Saudi ","2551","أنثى","Female","1439"
"70+","70+","سعودي"," Saudi ","3441","أنثى","Female","1439"
"10-19","10-19","سعودي"," Saudi ","151","ذكر","Male","1441"
"40-49","40-49","غير سعودي","Non Saudi","9383","ذكر","Male","1440"
"30-39","30-39","غير سعودي","Non Saudi","9157","ذكر","Male","1441"
"20-29","20-29","غير سعودي","Non Saudi","1245","أنثى","Female","1439"
"50-59","50-59","سعودي"," Saudi ","12881","ذكر","Male","1440"
"20-29","20-29","غير سعودي","Non Saudi","2975","ذكر","Male","1440"
"60-69","60-69","سعودي"," Saudi ","159","ذكر","Male","1441"
"10-19","10-19","غير سعودي","Non Saudi","761","ذكر","Male","1439"
"70+","70+","سعودي"," Saudi ","1337","ذكر","Male","1440"
"60-69","60-69","غير سعودي","Non Saudi","1442","أنثى","Female","1439"
"30-39","30-39","سعودي"," Saudi ","11337","أنثى","Female","1440"
"0-9","0-9","سعودي"," Saudi ","21338","ذكر","Male","1439"
"30-39","30-39","سعودي"," Saudi ","29650","ذكر","Male","1439"
"10-19","10-19","سعودي"," Saudi ","98578","ذكر","Male","1440"
"20-29","20-29","سعودي"," Saudi ","3657","ذكر","Male","1441"
"0-9","0-9","سعودي"," Saudi ","24929","أنثى","Female","1439"
"70+","70+","غير سعودي","Non Saudi","2246","ذكر","Male","1439"
"40-49","40-49","سعودي"," Saudi ","2388","أنثى","Female","1439"
"30-39","30-39","غير سعودي","Non Saudi","1378","أنثى","Female","1439"
"20-29","20-29","غير سعودي","Non Saudi","1557","ذكر","Male","1440"
"50-59","50-59","سعودي"," Saudi ","6921","أنثى","Female","1439"
"60-69","60-69","سعودي"," Saudi ","282","ذكر","Male","1439"
"70+","70+","سعودي"," Saudi ","96","ذكر","Male","1441"
"0-9","0-9","غير سعودي","Non Saudi","485","ذكر","Male","1441"
"70+","70+","سعودي"," Saudi ","1292","ذكر","Male","1440"
"40-49","40-49","غير سعودي","Non Saudi","719","ذكر","Male","1441"
"70+","70+","سعودي"," Saudi ","334","أنثى","Female","1440"
"10-19","10-19","سعودي"," Saudi ","1236","أنثى","Female","1439"
"20-29","20-29","سعودي"," Saudi ","7816","أنثى","Female","1439"
"10-19","10-19","سعودي"," Saudi ","708","ذكر","Male","1441"
"40-49","40-49","سعودي"," Saudi ","16968","ذكر","Male","1439"
"10-19","10-19","سعودي"," Saudi ","3146","أنثى","Female","1441"
"40-49","40-49","غير سعودي","Non Saudi","20237","ذكر","Male","1439"
"70+","70+","غير سعودي","Non Saudi","3277","أنثى","Female","1439"
"30-39","30-39","سعودي"," Saudi ","7481","ذكر","Male","1441"
"40-49","40-49","سعودي"," Saudi ","733","أنثى","Female","1440"
"0-9","0-9","غير سعودي","Non Saudi","273","ذكر","Male","1439"
"40-49","40-49","غير سعودي","Non Saudi","6144","ذكر","Male","1439"
"40-49","40-49","غير سعودي","Non Saudi","692","أنثى","Female","1439"
"30-39","30-39","غير سعودي","Non Saudi","200","أنثى","Female","1441"
"0-9","0-9","سعودي"," Saudi ","785","ذكر","Male","1440"
"10-19","10-19","غير سعودي","Non Saudi","2020","ذكر","Male","1439"
"40-49","40-49","سعودي"," Saudi ","1589","أنثى","Female","1441"
"40-49","40-49","سعودي"," Saudi ","640","أنثى","Female","1439"
"50-59","50-59","غير سعودي","Non Saudi","277","ذكر","Male","1441"
"20-29","20-29","غير سعودي","Non Saudi","4951","أنثى","Female","1441"
"60-69","60-69","سعودي"," Saudi ","879","أنثى","Female","1439"
"60-69","60-69","سعودي"," Saudi ","3129","ذكر","Male","1439"
"50-59","50-59","غير سعودي","Non Saudi","2169","أنثى","Female","1440"
"50-59","50-59","سعودي"," Saudi ","1000","أنثى","Female","1441"
"50-59","50-59","غير سعودي","Non Saudi","12243","ذكر","Male","1440"
"0-9","0-9","غير سعودي","Non Saudi","1176","ذكر","Male","1439"
"50-59","50-59","سعودي"," Saudi ","3054","أنثى","Female","1439"
"0-9","0-9","غير سعودي","Non Saudi","6066","أنثى","Female","1439"
"70+","70+","سعودي"," Saudi ","70","ذكر","Male","1441"
"40-49","40-49","سعودي"," Saudi ","1776","أنثى","Female","1441"
"60-69","60-69","غير سعودي","Non Saudi","364","ذكر","Male","1440"
"20-29","20-29","غير سعودي","Non Saudi","5692","ذكر","Male","1440"
"30-39","30-39","سعودي"," Saudi ","1897","أنثى","Female","1439"
"30-39","30-39","غير سعودي","Non Saudi","1561","أنثى","Female","1439"
"50-59","50-59","سعودي"," Saudi ","24285","أنثى","Female","1439"
"20-29","20-29","غير سعودي","Non Saudi","2450","أنثى","Female","1441"
"70+","70+","سعودي"," Saudi ","658","أنثى","Female","1441"
"40-49","40-49","سعودي"," Saudi ","601","أنثى","Female","1441"
"0-9","0-9","سعودي"," Saudi ","454","ذكر","Male","1439"
"20-29","20-29","سعودي"," Saudi ","2451","ذكر","Male","1440"
"50-59","50-59","سعودي"," Saudi ","6987","ذكر","Male","1439"
"10-19","10-19","سعودي"," Saudi ","1004","أنثى","Female","1441"
"10-19","10-19","سعودي"," Saudi ","1550","أنثى","Female","1440"
"70+","70+","سعودي"," Saudi ","781","ذكر","Male","1440"
"70+","70+","سعودي"," Saudi ","217","ذكر","Male","1439"
"50-59","50-59","غير سعودي","Non Saudi","19129","ذكر","Male","1440"
"20-29","20-29","غير سعودي","Non Saudi","23341","أنثى","Female","1440"
"0-9","0-9","غير سعودي","Non Saudi","119","أنثى","Female","1440"
"10-19","10-19","سعودي"," Saudi ","1843","ذكر","Male","1440"
"0-9","0-9","غير سعودي","Non Saudi","19953","أنثى","Female","1440"
"30-39","30-39","سعودي"," Saudi ","115250","أنثى","Female","1440"
"50-59","50-59","سعودي"," Saudi ","2881","أنثى","Female","1441"
"30-39","30-39","سعودي"," Saudi ","3428","أنثى","Female","1440"
"20-29","20-29","سعودي"," Saudi ","1383","أنثى","Female","1440"
"0-9","0-9","سعودي"," Saudi ","6585","أنثى","Female","1439"
"40-49","40-49","غير سعودي","Non Saudi","1864","أنثى","Female","1441"
"30-39","30-39","غير سعودي","Non Saudi","1425","أنثى","Female","1440"
"50-59","50-59","سعودي"," Saudi ","1578","ذكر","Male","1439"
"10-19","10-19","سعودي"," Saudi ","1556","ذكر","Male","1439"
"10-19","10-19","غير سعودي","Non Saudi","1556","ذكر","Male","1440"
"20-29","20-29","غير سعودي","Non Saudi","1805","أنثى","Female","1441"
"70+","70+","سعودي"," Saudi ","187","أنثى","Female","1439"
"70+","70+","سعودي"," Saudi ","461","أنثى","Female","1439"
"10-19","10-19","غير سعودي","Non Saudi","707","أنثى","Female","1441"
"70+","70+","سعودي"," Saudi ","912","ذكر","Male","1439"
"60-69","60-69","سعودي"," Saudi ","452","أنثى","Female","1439"
"60-69","60-69","سعودي"," Saudi ","158","ذكر","Male","1441"
"0-9","0-9","سعودي"," Saudi ","3331","ذكر","Male","1439"
"40-49","40-49","غير سعودي","Non Saudi","19293","ذكر","Male","1439"
"40-49","40-49","غير سعودي","Non Saudi","921","أنثى","Female","1439"
"40-49","40-49","سعودي"," Saudi ","590","ذكر","Male","1441"
"0-9","0-9","غير سعودي","Non Saudi","989","ذكر","Male","1439"
"40-49","40-49","غير سعودي","Non Saudi","6591","ذكر","Male","1439"
"10-19","10-19","سعودي"," Saudi ","17047","ذكر","Male","1440"
"30-39","30-39","غير سعودي","Non Saudi","11127","أنثى","Female","1439"
"40-49","40-49","سعودي"," Saudi ","5037","ذكر","Male","1439"
"20-29","20-29","غير سعودي","Non Saudi","4134","ذكر","Male","1439"
"30-39","30-39","غير سعودي","Non Saudi","772","أنثى","Female","1439"
"60-69","60-69","غير سعودي","Non Saudi","14784","أنثى","Female","1440"
"0-9","0-9","سعودي"," Saudi ","2085","أنثى","Female","1440"
"30-39","30-39","غير سعودي","Non Saudi","3715","ذكر","Male","1439"
"40-49","40-49","غير سعودي","Non Saudi","4579","ذكر","Male","1441"
"50-59","50-59","سعودي"," Saudi ","194","أنثى","Female","1440"
"0-9","0-9","غير سعودي","Non Saudi","478","أنثى","Female","1440"
"50-59","50-59","غير سعودي","Non Saudi","357","ذكر","Male","1440"
"60-69","60-69","سعودي"," Saudi ","1173","أنثى","Female","1440"
"0-9","0-9","سعودي"," Saudi ","4844","ذكر","Male","1439"
"40-49","40-49","غير سعودي","Non Saudi","3452","أنثى","Female","1440"
"30-39","30-39","غير سعودي","Non Saudi","917","أنثى","Female","1440"
"0-9","0-9","غير سعودي","Non Saudi","3317","أنثى","Female","1439"
"60-69","60-69","سعودي"," Saudi ","8914","أنثى","Female","1439"
"10-19","10-19","سعودي"," Saudi ","4050","أنثى","Female","1441"
"20-29","20-29","غير سعودي","Non Saudi","264","أنثى","Female","1439"
"50-59","50-59","غير سعودي","Non Saudi","161","أنثى","Female","1441"
"50-59","50-59","سعودي"," Saudi ","6797","أنثى","Female","1440"
"10-19","10-19","سعودي"," Saudi ","167","أنثى","Female","1441"
"20-29","20-29","سعودي"," Saudi ","6827","أنثى","Female","1440"
"40-49","40-49","غير سعودي","Non Saudi","15617","أنثى","Female","1440"
"70+","70+","سعودي"," Saudi ","174","ذكر","Male","1441"
"60-69","60-69","غير سعودي","Non Saudi","652","ذكر","Male","1441"
"40-49","40-49","سعودي"," Saudi ","1235","ذكر","Male","1439"
"50-59","50-59","سعودي"," Saudi ","643","ذكر","Male","1440"
"10-19","10-19","غير سعودي","Non Saudi","5628","ذكر","Male","1440"
"30-39","30-39","سعودي"," Saudi ","153322","ذكر","Male","1440"
"60-69","60-69","غير سعودي","Non Saudi","2550","ذكر","Male","1440"
"20-29","20-29","سعودي"," Saudi ","39772","أنثى","Female","1440"
"20-29","20-29","سعودي"," Saudi ","5743","ذكر","Male","1441"
"0-9","0-9","غير سعودي","Non Saudi","8397","ذكر","Male","1439"
"70+","70+","سعودي"," Saudi ","292","ذكر","Male","1439"
"60-69","60-69","غير سعودي","Non Saudi","4129","ذكر","Male","1440"
"60-69","60-69","سعودي"," Saudi ","1137","ذكر","Male","1441"
"20-29","20-29","غير سعودي","Non Saudi","2590","ذكر","Male","1440"
"60-69","60-69","سعودي"," Saudi ","2711","أنثى","Female","1439"
"60-69","60-69","غير سعودي","Non Saudi","5091","أنثى","Female","1439"
"40-49","40-49","غير سعودي","Non Saudi","434","ذكر","Male","1441"
"60-69","60-69","سعودي"," Saudi ","245","ذكر","Male","1441"
"20-29","20-29","سعودي"," Saudi ","19813","أنثى","Female","1439"
"20-29","20-29","غير سعودي","Non Saudi","11981","أنثى","Female","1440"
"0-9","0-9","سعودي"," Saudi ","17192","ذكر","Male","1440"
"20-29","20-29","غير سعودي","Non Saudi","74915","أنثى","Female","1439"
"10-19","10-19","سعودي"," Saudi ","52112","أنثى","Female","1440"
"20-29","20-29","غير سعودي","Non Saudi","3510","أنثى","Female","1440"
"30-39","30-39","غير سعودي","Non Saudi","22236","ذكر","Male","1441"
"60-69","60-69","سعودي"," Saudi ","4050","أنثى","Female","1441"
"30-39","30-39","غير سعودي","Non Saudi","532","ذكر","Male","1441"
"60-69","60-69","سعودي"," Saudi ","7793","أنثى","Female","1440"
"40-49","40-49","غير سعودي","Non Saudi","5022","ذكر","Male","1441"
"20-29","20-29","غير سعودي","Non Saudi","1937","أنثى","Female","1440"
"70+","70+","سعودي"," Saudi ","314","ذكر","Male","1441"
"20-29","20-29","غير سعودي","Non Saudi","90","ذكر","Male","1441"
"50-59","50-59","غير سعودي","Non Saudi","587","أنثى","Female","1440"
"30-39","30-39","غير سعودي","Non Saudi","4822","أنثى","Female","1439"
"0-9","0-9","سعودي"," Saudi ","8138","ذكر","Male","1439"
"40-49","40-49","سعودي"," Saudi ","1417","ذكر","Male","1439"
"50-59","50-59","غير سعودي","Non Saudi","256","ذكر","Male","1441"
"40-49","40-49","غير سعودي","Non Saudi","1550","أنثى","Female","1439"
"0-9","0-9","غير سعودي","Non Saudi","294","أنثى","Female","1439"
"50-59","50-59","غير سعودي","Non Saudi","375","أنثى","Female","1439"
"30-39","30-39","غير سعودي","Non Saudi","8961","أنثى","Female","1439"
"20-29","20-29","سعودي"," Saudi ","99352","أنثى","Female","1440"
"40-49","40-49","سعودي"," Saudi ","90741","أنثى","Female","1439"
"10-19","10-19","سعودي"," Saudi ","4360","ذكر","Male","1441"
"10-19","10-19","غير سعودي","Non Saudi","1276","ذكر","Male","1441"
"10-19","10-19","غير سعودي","Non Saudi","845","أنثى","Female","1440"
"10-19","10-19","سعودي"," Saudi ","396","أنثى","Female","1439"
"10-19","10-19","غير سعودي","Non Saudi","59","ذكر","Male","1439"
"10-19","10-19","غير سعودي","Non Saudi","54","أنثى","Female","1441"
"20-29","20-29","غير سعودي","Non Saudi","1270","أنثى","Female","1439"
"20-29","20-29","سعودي"," Saudi ","358","أنثى","Female","1441"
"10-19","10-19","غير سعودي","Non Saudi","448","أنثى","Female","1441"
"40-49","40-49","غير سعودي","Non Saudi","95","أنثى","Female","1441"
"60-69","60-69","غير سعودي","Non Saudi","1435","ذكر","Male","1440"
"20-29","20-29","غير سعودي","Non Saudi","9392","ذكر","Male","1439"
"0-9","0-9","غير سعودي","Non Saudi","290","ذكر","Male","1439"
"50-59","50-59","غير سعودي","Non Saudi","2895","ذكر","Male","1439"
"10-19","10-19","غير سعودي","Non Saudi","21113","أنثى","Female","1440"
"0-9","0-9","غير سعودي","Non Saudi","71329","ذكر","Male","1439"
"60-69","60-69","غير سعودي","Non Saudi","21431","أنثى","Female","1440"
"10-19","10-19","غير سعودي","Non Saudi","1892","ذكر","Male","1440"
"70+","70+","غير سعودي","Non Saudi","21855","ذكر","Male","1440"
"40-49","40-49","غير سعودي","Non Saudi","30556","أنثى","Female","1439"
"50-59","50-59","غير سعودي","Non Saudi","5382","ذكر","Male","1441"
"70+","70+","سعودي"," Saudi ","2850","أنثى","Female","1441"
"30-39","30-39","سعودي"," Saudi ","13049","ذكر","Male","1441"
"10-19","10-19","سعودي"," Saudi ","7987","أنثى","Female","1441"
"10-19","10-19","سعودي"," Saudi ","1299","أنثى","Female","1439"
"20-29","20-29","غير سعودي","Non Saudi","756","ذكر","Male","1439"
"10-19","10-19","غير سعودي","Non Saudi","796","ذكر","Male","1440"
"20-29","20-29","سعودي"," Saudi ","1016","أنثى","Female","1441"
"50-59","50-59","سعودي"," Saudi ","2009","أنثى","Female","1439"
"60-69","60-69","غير سعودي","Non Saudi","1164","ذكر","Male","1439"
"70+","70+","غير سعودي","Non Saudi","373","أنثى","Female","1441"
"10-19","10-19","سعودي"," Saudi ","1182","ذكر","Male","1440"
"50-59","50-59","غير سعودي","Non Saudi","2953","أنثى","Female","1440"
"20-29","20-29","سعودي"," Saudi ","2280","ذكر","Male","1441"
"60-69","60-69","سعودي"," Saudi ","1504","ذكر","Male","1439"
"70+","70+","سعودي"," Saudi ","923","ذكر","Male","1440"
"40-49","40-49","سعودي"," Saudi ","387","أنثى","Female","1441"
"70+","70+","غير سعودي","Non Saudi","3278","أنثى","Female","1439"
"60-69","60-69","سعودي"," Saudi ","1161","ذكر","Male","1440"
"50-59","50-59","غير سعودي","Non Saudi","55","أنثى","Female","1441"
"0-9","0-9","غير سعودي","Non Saudi","3872","أنثى","Female","1439"
"50-59","50-59","سعودي"," Saudi ","8388","ذكر","Male","1439"
"20-29","20-29","سعودي"," Saudi ","2533","أنثى","Female","1440"
"40-49","40-49","سعودي"," Saudi ","112302","ذكر","Male","1440"
"20-29","20-29","سعودي"," Saudi ","18905","أنثى","Female","1439"
"50-59","50-59","سعودي"," Saudi ","3900","أنثى","Female","1441"
"40-49","40-49","سعودي"," Saudi ","10852","ذكر","Male","1439"
"30-39","30-39","غير سعودي","Non Saudi","313","أنثى","Female","1440"
"60-69","60-69","سعودي"," Saudi ","867","أنثى","Female","1439"
"50-59","50-59","غير سعودي","Non Saudi","588","ذكر","Male","1439"
"50-59","50-59","غير سعودي","Non Saudi","241","أنثى","Female","1440"
"30-39","30-39","سعودي"," Saudi ","8781","أنثى","Female","1440"
"40-49","40-49","سعودي"," Saudi ","12890","أنثى","Female","1440"
"20-29","20-29","سعودي"," Saudi ","21197","أنثى","Female","1440"
"40-49","40-49","سعودي"," Saudi ","1081","ذكر","Male","1441"
"0-9","0-9","سعودي"," Saudi ","15909","أنثى","Female","1439"
"50-59","50-59","سعودي"," Saudi ","12912","ذكر","Male","1439"
"10-19","10-19","سعودي"," Saudi ","4489","ذكر","Male","1441"
"30-39","30-39","سعودي"," Saudi ","6114","ذكر","Male","1440"
"10-19","10-19","سعودي"," Saudi ","612","أنثى","Female","1441"
"0-9","0-9","غير سعودي","Non Saudi","185","أنثى","Female","1440"
"10-19","10-19","سعودي"," Saudi ","421","ذكر","Male","1441"
"70+","70+","سعودي"," Saudi ","1386","ذكر","Male","1441"
"70+","70+","غير سعودي","Non Saudi","1166","أنثى","Female","1440"
"30-39","30-39","غير سعودي","Non Saudi","797","أنثى","Female","1441"
"60-69","60-69","سعودي"," Saudi ","149","ذكر","Male","1441"
"70+","70+","سعودي"," Saudi ","584","ذكر","Male","1439"
"30-39","30-39","غير سعودي","Non Saudi","17717","أنثى","Female","1439"
"20-29","20-29","سعودي"," Saudi ","576","ذكر","Male","1441"
"40-49","40-49","سعودي"," Saudi ","28143","ذكر","Male","1440"
"0-9","0-9","سعودي"," Saudi ","37485","ذكر","Male","1440"
"10-19","10-19","سعودي"," Saudi ","11732","أنثى","Female","1439"
"30-39","30-39","سعودي"," Saudi ","119801","أنثى","Female","1440"
"40-49","40-49","غير سعودي","Non Saudi","2830","أنثى","Female","1441"
"60-69","60-69","غير سعودي","Non Saudi","62296","ذكر","Male","1440"
"60-69","60-69","سعودي"," Saudi ","1154","ذكر","Male","1439"
"70+","70+","سعودي"," Saudi ","1037","أنثى","Female","1440"
"0-9","0-9","سعودي"," Saudi ","4030","أنثى","Female","1440"
"60-69","60-69","سعودي"," Saudi ","6101","أنثى","Female","1440"
"20-29","20-29","غير سعودي","Non Saudi","808","ذكر","Male","1440"
"40-49","40-49","غير سعودي","Non Saudi","697","أنثى","Female","1439"
"10-19","10-19","غير سعودي","Non Saudi","1766","ذكر","Male","1439"
"20-29","20-29","غير سعودي","Non Saudi","764","ذكر","Male","1441"
"70+","70+","سعودي"," Saudi ","251","ذكر","Male","1440"
"30-39","30-39","سعودي"," Saudi ","4392","ذكر","Male","1441"
"40-49","40-49","غير سعودي","Non Saudi","9599","ذكر","Male","1439"
"30-39","30-39","سعودي"," Saudi ","7520","ذكر","Male","1439"
"0-9","0-9","سعودي"," Saudi ","2701","أنثى","Female","1439"
"30-39","30-39","غير سعودي","Non Saudi","157831","أنثى","Female","1440"
"30-39","30-39","غير سعودي","Non Saudi","14651","ذكر","Male","1440"
"30-39","30-39","غير سعودي","Non Saudi","5825","أنثى","Female","1439"
"30-39","30-39","سعودي"," Saudi ","11786","ذكر","Male","1441"
"30-39","30-39","سعودي"," Saudi ","1154","ذكر","Male","1441"
"70+","70+","غير سعودي","Non Saudi","2055","أنثى","Female","1440"
"50-59","50-59","غير سعودي","Non Saudi","1393","ذكر","Male","1440"
"0-9","0-9","غير سعودي","Non Saudi","190","ذكر","Male","1439"
"10-19","10-19","سعودي"," Saudi ","1870","أنثى","Female","1439"
"0-9","0-9","غير سعودي","Non Saudi","317","أنثى","Female","1439"
"0-9","0-9","سعودي"," Saudi ","201","ذكر","Male","1440"
"40-49","40-49","غير سعودي","Non Saudi","3696","ذكر","Male","1441"
"50-59","50-59","غير سعودي","Non Saudi","52","أنثى","Female","1439"
"0-9","0-9","غير سعودي","Non Saudi","405","أنثى","Female","1441"
"40-49","40-49","غير سعودي","Non Saudi","5456","ذكر","Male","1441"
"30-39","30-39","غير سعودي","Non Saudi","3586","ذكر","Male","1439"
"40-49","40-49","سعودي"," Saudi ","4968","أنثى","Female","1439"
"30-39","30-39","غير سعودي","Non Saudi","4142","ذكر","Male","1440"
"10-19","10-19","سعودي"," Saudi ","72257","أنثى","Female","1439"
"0-9","0-9","غير سعودي","Non Saudi","1897","ذكر","Male","1439"
"30-39","30-39","سعودي"," Saudi ","19272","ذكر","Male","1441"
"0-9","0-9","سعودي"," Saudi ","19942","ذكر","Male","1440"
"10-19","10-19","غير سعودي","Non Saudi","8553","ذكر","Male","1440"
"50-59","50-59","غير سعودي","Non Saudi","295","أنثى","Female","1441"
"70+","70+","غير سعودي","Non Saudi","790","ذكر","Male","1441"
"0-9","0-9","سعودي"," Saudi ","3333","ذكر","Male","1439"
"0-9","0-9","سعودي"," Saudi ","270","ذكر","Male","1441"
"50-59","50-59","غير سعودي","Non Saudi","383","ذكر","Male","1441"
"70+","70+","غير سعودي","Non Saudi","660","أنثى","Female","1439"
"0-9","0-9","غير سعودي","Non Saudi","14224","ذكر","Male","1439"
"10-19","10-19","غير سعودي","Non Saudi","6655","أنثى","Female","1440"
"10-19","10-19","غير سعودي","Non Saudi","5317","أنثى","Female","1440"
"40-49","40-49","سعودي"," Saudi ","45985","ذكر","Male","1440"
"0-9","0-9","سعودي"," Saudi ","2027","ذكر","Male","1440"
"50-59","50-59","غير سعودي","Non Saudi","7014","ذكر","Male","1441"
"10-19","10-19","سعودي"," Saudi ","7134","أنثى","Female","1439"
"0-9","0-9","غير سعودي","Non Saudi","1067","أنثى","Female","1440"
"20-29","20-29","غير سعودي","Non Saudi","623","أنثى","Female","1441"
"60-69","60-69","سعودي"," Saudi ","1184","أنثى","Female","1439"
"60-69","60-69","سعودي"," Saudi ","336","أنثى","Female","1440"
"70+","70+","سعودي"," Saudi ","285","ذكر","Male","1439"
"40-49","40-49","غير سعودي","Non Saudi","5284","أنثى","Female","1439"
"40-49","40-49","غير سعودي","Non Saudi","2763","ذكر","Male","1439"
"60-69","60-69","سعودي"," Saudi ","3941","أنثى","Female","1440"
"20-29","20-29","سعودي"," Saudi ","36324","ذكر","Male","1440"
"0-9","0-9","غير سعودي","Non Saudi","3437","ذكر","Male","1440"
"10-19","10-19","غير سعودي","Non Saudi","5795","أنثى","Female","1440"
"50-59","50-59","سعودي"," Saudi ","2873","ذكر","Male","1441"
"0-9","0-9","غير سعودي","Non Saudi","17297","ذكر","Male","1439"
"30-39","30-39","غير سعودي","Non Saudi","3536","ذكر","Male","1439"
"30-39","30-39","غير سعودي","Non Saudi","107844","ذكر","Male","1441"
"70+","70+","سعودي"," Saudi ","8178","ذكر","Male","1440"
